Country,Deals,Volume_USD_bn,Share_of_Volume_Pct
Germany,58,95.17,14.64
France,42,82.18,12.64
UK,20,59.79,9.2
Italy,16,45.92,7.06
Chile,36,37.55,5.78
China,68,33.07,5.09
Netherlands,21,29.58,4.55
Hong Kong SAR,35,26.87,4.13
Austria,18,21.79,3.35
Belgium,28,21.28,3.27
USA,61,21.05,3.24
Mexico,35,17.33,2.67
Thailand,23,13.12,2.02
Spain,6,12.9,1.98
Ireland,6,12.19,1.88
Japan,7,11.11,1.71
Indonesia,30,9.51,1.46
Peru,6,8.88,1.37
Sweden,7,7.48,1.15
Canada,3,7.31,1.12
Hungary,33,6.75,1.04
India,8,4.35,0.67
Poland,4,4.26,0.66
Singapore,3,4.15,0.64
Denmark,9,4.11,0.63
