Issuer Name,Theme,Issue Date,Amount Issued,Currency,Amount (USD),Country,Sector,Year,Amount_USD_bn
Schneider Electric SE,SLB,2015-10-13,300000000.0,EUR,333300000,United States,Industrials,2015,0.3333
Republic of Poland,Green,2016-12-20,750000000.0,EUR,779100000,Poland,Sovereign,2016,0.7791
Republic of France,Green,2017-01-31,7000000000.0,EUR,7558600000,France,Sovereign,2017,7.5586
Republic of France,Green,2017-06-05,1632000000.0,EUR,1922006400,France,Sovereign,2017,1.9220064
Republic of Fiji,Green,2017-11-01,20000000.0,FJD,9545200,Fiji,Sovereign,2017,0.0095452
Republic of Fiji,Green,2017-11-01,20000000.0,FJD,9545200,Fiji,Sovereign,2017,0.0095452
Republic of France,Green,2017-12-11,1065000000.0,EUR,1254250500,France,Sovereign,2017,1.2542505
Federal Government of Nigeria,Green,2017-12-21,10690000000.0,NGN,29720000,Nigeria,Sovereign,2017,0.02972
Republic of Fiji,Green,2017-12-28,20000000.0,FJD,9601400,Fiji,Sovereign,2017,0.0096014
Republic of Poland,Green,2018-02-07,1000000000.0,EUR,1244200000,Poland,Sovereign,2018,1.2442
Republic of Indonesia,Green,2018-03-01,1250000000.0,USD,1250000000,Indonesia,Sovereign,2018,1.25
Kingdom of Belgium,Green,2018-03-05,4500000000.0,EUR,5547600000,Belgium,Sovereign,2018,5.5476
Republic of France,Green,2018-04-09,1096000000.0,EUR,1344682400,France,Sovereign,2018,1.3446824
Republic of Lithuania,Green,2018-05-03,20000000.0,EUR,23920000,Lithuania,Sovereign,2018,0.02392
Republic of Fiji,Green,2018-06-20,26620000.0,FJD,12677242,Fiji,Sovereign,2018,0.012677242
Republic of France,Green,2018-07-03,4000000000.0,EUR,4663600000,France,Sovereign,2018,4.6636
Republic of Fiji,Green,2018-07-18,13380000.0,FJD,6357507,Fiji,Sovereign,2018,0.006357507
Republic of Ireland,Green,2018-10-17,3000000000.0,EUR,3459000000,Ireland,Sovereign,2018,3.459
The Republic of Seychelles,Green,2018-10-29,15000000.0,USD,15000000,Seychelles,Sovereign,2018,0.015
Republic of France,Green,2019-02-11,1737000000.0,EUR,1958641200,France,Sovereign,2019,1.9586412
Republic of Indonesia,Green,2019-02-20,750000000.0,USD,750000000,Indonesia,Sovereign,2019,0.75
Republic of Poland,Green,2019-03-07,1500000000.0,EUR,1678950000,Poland,Sovereign,2019,1.67895
Republic of Poland,Green,2019-03-07,500000000.0,EUR,559650000,Poland,Sovereign,2019,0.55965
Kingdom of Belgium,Green,2019-03-20,958000000.0,EUR,1087234200,Belgium,Sovereign,2019,1.0872342
Kingdom of Belgium,Green,2019-03-21,209000000.0,EUR,237599560,Belgium,Sovereign,2019,0.23759956
Kingdom of Belgium,Green,2019-03-25,105000000.0,EUR,118624800,Belgium,Sovereign,2019,0.1186248
Republic of France,Green,2019-05-06,2471000000.0,EUR,2767272899,France,Sovereign,2019,2.767272899
Kingdom of the Netherlands,Green,2019-05-23,5985004000.0,EUR,6662386752,Netherlands,Sovereign,2019,6.662386752
Hong Kong Special Administrative Region Government,Green,2019-05-28,1000000000.0,USD,1000000000,China_HK,Sovereign,2019,1.0
Federal Government of Nigeria,Green,2019-06-14,15000000000.0,NGN,41584650,Nigeria,Sovereign,2019,0.04158465
Republic of Chile,Green,2019-06-17,1418000000.0,USD,1418000000,Chile,Sovereign,2019,1.418
Republic of Korea,Sustainability,2019-06-19,,USD,500000000,South Korea,Sovereign,2019,0.5
Republic of Chile,Green,2019-07-02,861000000.0,EUR,972441834,Chile,Sovereign,2019,0.972441834
Kingdom of Belgium,Green,2019-07-24,779000000.0,EUR,870306590,Belgium,Sovereign,2019,0.87030659
Kingdom of Belgium,Green,2019-07-25,223000000.0,EUR,248479980,Belgium,Sovereign,2019,0.24847998
Kingdom of Belgium,Green,2019-07-29,112000000.0,EUR,124585440,Belgium,Sovereign,2019,0.12458544
Republic of France,Green,2019-09-09,1676000000.0,EUR,1847438040,France,Sovereign,2019,1.84743804
Republic of Ireland,Green,2019-10-17,2000000000.0,EUR,2209740000,Ireland,Sovereign,2019,2.20974
Republic of Indonesia,Green,2019-11-28,1460000000000.0,IDR,103531717,Indonesia,Sovereign,2019,0.103531717
Kingdom of the Netherlands,Green,2020-01-17,1374000000.0,EUR,1526239200,Netherlands,Sovereign,2020,1.5262392
Republic of Chile,Green,2020-01-27,750000000.0,USD,750000000,Chile,Sovereign,2020,0.75
Republic of Chile,Green,2020-01-27,900000000.0,USD,900000000,Chile,Sovereign,2020,0.9
Republic of Chile,Green,2020-01-29,693685000.0,EUR,763122868,Chile,Sovereign,2020,0.763122868
Republic of Chile,Green,2020-01-29,1269017000.0,EUR,1396045601,Chile,Sovereign,2020,1.396045601
Ecuador,Social,2020-01-30,400000000.0,USD,400000000,Ecuador,Sovereign,2020,0.4
Republic of France,Green,2020-02-10,1982000000.0,EUR,2170488200,France,Sovereign,2020,2.1704882
Republic of Lithuania,Green,2020-03-04,20000000.0,EUR,22250000,Lithuania,Sovereign,2020,0.02225
Republic of France,Green,2020-04-06,2607000000.0,EUR,2813213700,France,Sovereign,2020,2.8132137
Kingdom of Belgium,Green,2020-04-22,548000000.0,EUR,595511600,Belgium,Sovereign,2020,0.5955116
Guatemala,Social,2020-04-24,500000000.0,USD,500000000,Guatemala,Sovereign,2020,0.5
Kingdom of Belgium,Green,2020-04-27,47000000.0,EUR,51004400,Belgium,Sovereign,2020,0.0510044
Republic of Lithuania,Green,2020-05-20,28000000.0,EUR,30682400,Lithuania,Sovereign,2020,0.0306824
Government of Hungary,Green,2020-06-05,1500000000.0,EUR,1699500000,Hungary,Sovereign,2020,1.6995
Kingdom of the Netherlands,Green,2020-06-23,1420000000.0,EUR,1607156000,Netherlands,Sovereign,2020,1.607156
Republic of Indonesia,Green,2020-06-23,750000000.0,USD,750000000,Indonesia,Sovereign,2020,0.75
Kingdom of the Netherlands,Green,2020-06-26,214000000.0,EUR,239958200,Netherlands,Sovereign,2020,0.2399582
Republic of France,Green,2020-07-02,2109000000.0,EUR,2380217400,France,Sovereign,2020,2.3802174
Thailand Government Bond,Sustainability,2020-08-20,20000000000.0,THB,636327023,Thailand,Sovereign,2020,0.636327023
Government of Ghana,Green,2020-09-02,35000000.0,EUR,41513500,Ghana,Sovereign,2020,0.0415135
Federal Republic of Germany,Green,2020-09-09,6500000000.0,EUR,7652450000,Germany,Sovereign,2020,7.65245
Kingdom of Sweden,Green,2020-09-09,20000000000.0,SEK,2272341246,Sweden,Sovereign,2020,2.272341246
Republic of Ireland,Green,2020-09-14,1100590000.0,EUR,1307060684,Ireland,Sovereign,2020,1.307060684
State of the Grand-Duchy of Luxembourg,Sustainability,2020-09-14,1500000000.0,EUR,1781400000,Luxembourg,Sovereign,2020,1.7814
Government of Hungary,Green,2020-09-18,4500000000.0,JPY,43119685,Hungary,Sovereign,2020,0.043119685
Government of Hungary,Green,2020-09-18,15500000000.0,JPY,148523362,Hungary,Sovereign,2020,0.148523362
Mexico Government (United Mexican States),Sustainability,2020-09-18,750000000.0,EUR,887475000,Mexico,Sovereign,2020,0.887475
Kingdom of Belgium,Green,2020-09-23,608000000.0,EUR,710873600,Belgium,Sovereign,2020,0.7108736
Kingdom of Belgium,Green,2020-09-24,130000000.0,EUR,151385000,Belgium,Sovereign,2020,0.151385
Arab Republic of Egypt,Green,2020-10-06,750000000.0,USD,750000000,Egypt,Sovereign,2020,0.75
Federal Republic of Germany,Green,2020-11-06,5000000000.0,EUR,5935000000,Germany,Sovereign,2020,5.935
Republic of Chile,Social,2020-11-23,1040000000000.0,CLP,1362400000,Chile,Sovereign,2020,1.3624
Republic of Chile,Social,2020-11-23,560000000000.0,CLP,733600000,Chile,Sovereign,2020,0.7336
Kingdom of Belgium,Green,2020-11-25,697000000.0,EUR,828733000,Belgium,Sovereign,2020,0.828733
Thailand Government Bond,Sustainability,2020-11-27,20000000000.0,THB,659621555,Thailand,Sovereign,2020,0.659621555
Republic of Indonesia,Green,2020-12-02,5421257000000.0,IDR,384679223,Indonesia,Sovereign,2020,0.384679223
Republic of Chile,Green,2021-01-19,750000000.0,USD,750000000,Chile,Sovereign,2021,0.75
Republic of Chile,Social,2021-01-22,1250000000.0,EUR,1519750000,Chile,Sovereign,2021,1.51975
Republic of Chile,Green,2021-01-22,400000000.0,EUR,485700000,Chile,Sovereign,2021,0.4857
Republic of Chile,Social,2021-01-22,1500000000.0,USD,1500000000,Chile,Sovereign,2021,1.5
Thailand Government Bond,Sustainability,2021-01-22,15000000000.0,THB,499835553,Thailand,Sovereign,2021,0.499835553
Hong Kong Special Administrative Region Government,Green,2021-02-02,1000000000.0,USD,1000000000,China_HK,Sovereign,2021,1.0
Hong Kong Special Administrative Region Government,Green,2021-02-02,500000000.0,USD,500000000,China_HK,Sovereign,2021,0.5
Hong Kong Special Administrative Region Government,Green,2021-02-02,1000000000.0,USD,1000000000,China_HK,Sovereign,2021,1.0
Republic of France,Green,2021-02-08,1499000000.0,EUR,1802547500,France,Sovereign,2021,1.8025475
Kingdom of the Netherlands,Green,2021-02-23,1715000000.0,EUR,2082524500,Netherlands,Sovereign,2021,2.0825245
Kingdom of Belgium,Green,2021-02-24,751000000.0,EUR,912164600,Belgium,Sovereign,2021,0.9121646
Pusterla 1880 - SpA,SLB,2021-02-24,25000000.0,EUR,27775000,Italy,Materials,2021,0.027775
Republic of Italy,Green,2021-03-10,8500000000.0,EUR,10099600000,Italy,Sovereign,2021,10.0996
Thailand Government Bond,Sustainability,2021-03-19,20000000000.0,THB,648505671,Thailand,Sovereign,2021,0.648505671
Republic of France,Green,2021-03-23,7000000000.0,EUR,8318099999,France,Sovereign,2021,8.318099999
Platinum Securities (Belize Blue Bond),Sustainability,2021-04-11,364000000.0,USD,364000000,Belize,Sovereign,2021,0.364
Republic of Chile,Sustainability,2021-04-15,1500000000.0,USD,1500000000,Chile,Sovereign,2021,1.5
Thailand Government Bond,Sustainability,2021-04-26,15000000000.0,THB,477102250,Thailand,Sovereign,2021,0.47710225
Government of Hungary,Green,2021-04-28,41200000000.0,HUF,137466205,Hungary,Sovereign,2021,0.137466205
Malaysia Wakala Sukuk Bhd,Sustainability,2021-04-28,500000000.0,USD,500000000,Malaysia,Sovereign,2021,0.5
Malaysia Wakala Sukuk Bhd,Sustainability,2021-04-28,800000000.0,USD,800000000,Malaysia,Sovereign,2021,0.8
Andorra International Bond,Sustainability,2021-05-06,500000000.0,EUR,603000000,Andorra,Sovereign,2021,0.603
Republic of Chile,Social,2021-05-07,1700000000.0,USD,1700000000,Chile,Sovereign,2021,1.7
Black Sea Trade & Development Bank,SLB,2021-05-10,30000000.0,GBP,38232000,Supernational,Government,2021,0.038232
Federal Republic of Germany,Green,2021-05-18,6000000000.0,EUR,7333200000,Germany,Sovereign,2021,7.3332
Republic of Chile,Social,2021-05-26,1000000000.0,USD,1000000000,Chile,Sovereign,2021,1.0
Republic of France,Green,2021-06-07,2280000000.0,EUR,2773665600,France,Sovereign,2021,2.7736656
Republic of Indonesia,Green,2021-06-09,750000000.0,USD,750000000,Indonesia,Sovereign,2021,0.75
JBS USA Food Co,SLB,2021-06-15,1000000000.0,USD,1000000000,United States,Agri & Food,2021,1.0
Republic of Chile,Social,2021-06-29,,EUR,1192680000,Chile,Sovereign,2021,1.19268
Kingdom of Belgium,Green,2021-06-30,590000000.0,EUR,701156000,Belgium,Sovereign,2021,0.701156
Kingdom of Belgium,Green,2021-07-01,112000000.0,EUR,133100800,Belgium,Sovereign,2021,0.1331008
Republic of Chile,Social,2021-07-01,1500000000000.0,CLP,1917006403,Chile,Sovereign,2021,1.917006403
Slovenia Government Bond,Sustainability,2021-07-01,1000000000.0,EUR,1188400000,Slovenia,Sovereign,2021,1.1884
Republic of Uzbekistan International Bond,Sustainability,2021-07-02,,UZS,233568500,Uzbekistan,Sovereign,2021,0.2335685
Kingdom of Belgium,Green,2021-07-05,61000000.0,EUR,72382600,Belgium,Sovereign,2021,0.0723826
Government of Hungary,Green,2021-07-08,30224010000.0,HUF,100162369,Hungary,Sovereign,2021,0.100162369
Mexico Government (United Mexican States),Sustainability,2021-07-12,1250000000.0,EUR,1481500000,Mexico,Sovereign,2021,1.4815
Thailand Government Bond,Sustainability,2021-07-16,12000000000.0,THB,366246864,Thailand,Sovereign,2021,0.366246864
Benin Government International Bond,Sustainability,2021-07-22,588140000.0,EUR,692534850,Benin,Sovereign,2021,0.69253485
Republic of Chile,Social,2021-07-27,500000000.0,USD,500000000,Chile,Sovereign,2021,0.5
Republic of Chile,Social,2021-07-27,1000000000.0,USD,1000000000,Chile,Sovereign,2021,1.0
Republic of Chile,Social,2021-08-27,750000000.0,EUR,882045000,Chile,Sovereign,2021,0.882045
Republic of France,Green,2021-09-05,2122000000.0,EUR,2518106667,France,Sovereign,2021,2.518106667
Republic of Chile,Social,2021-09-06,2250000000.0,USD,2250000000,Chile,Sovereign,2021,2.25
Federal Republic of Germany,Green,2021-09-10,3500000000.0,EUR,4138180000,Germany,Sovereign,2021,4.13818
Isle of Man Government International Bond,Sustainability,2021-09-14,400000000.0,GBP,554257565,Isle of Man,Sovereign,2021,0.554257565
Kingdom of Spain,Green,2021-09-14,5000000000.0,EUR,5907000000,Spain,Sovereign,2021,5.907
Republic of Chile,Social,2021-09-14,918000000.0,EUR,1083056400,Chile,Sovereign,2021,1.0830564
Thailand Government Bond,Sustainability,2021-09-17,15000000000.0,THB,451398646,Thailand,Sovereign,2021,0.451398646
United Kingdom,Green,2021-09-22,10000000000.0,GBP,13638372093,UK,Sovereign,2021,13.638372093
Banco Promerica de Costa Rica SA,SLB,2021-09-23,10000000.0,USD,10000000,Costa Rica,Financials,2021,0.01
Republic of Indonesia,Sustainability,2021-09-23,500000000.0,EUR,585750000,Indonesia,Sovereign,2021,0.58575
Republic of Serbia,Green,2021-09-23,1000000000.0,EUR,1171500000,Serbia,Sovereign,2021,1.1715
Republic of Colombia,Green,2021-09-29,751119000000.0,COP,196042059,Colombia,Sovereign,2021,0.196042059
Government of Hungary,Green,2021-10-06,10126670000.0,HUF,32587624,Hungary,Sovereign,2021,0.032587624
Republic of Colombia,Green,2021-10-08,85500000000.0,COP,22584227,Colombia,Sovereign,2021,0.022584227
Republic of Korea,Green,2021-10-18,700000000.0,EUR,812280000,South Korea,Sovereign,2021,0.81228
United Kingdom,Green,2021-10-22,6000000000.0,GBP,8270712339,UK,Sovereign,2021,8.270712339
Thailand Government Bond,Sustainability,2021-10-25,20000000000.0,THB,603961169,Thailand,Sovereign,2021,0.603961169
Republic of Colombia,Green,2021-10-27,660710100000.0,COP,175748887,Colombia,Sovereign,2021,0.175748887
Republic of Italy,Green,2021-10-27,5000000000.0,EUR,5808500000,Italy,Sovereign,2021,5.8085
Peru Government Bond,Sustainability,2021-11-02,2250000000.0,USD,2250000000,Peru,Sovereign,2021,2.25
Peru Government Bond,Sustainability,2021-11-02,1000000000.0,USD,1000000000,Peru,Sovereign,2021,1.0
Republic of France,Green,2021-11-08,2067000000.0,EUR,2393379300,France,Sovereign,2021,2.3933793
Republic of Ireland,Green,2021-11-15,747500000.0,EUR,855439000,Ireland,Sovereign,2021,0.855439
Peru Government Bond,Social,2021-11-17,1000000000.0,EUR,1131600000,Peru,Sovereign,2021,1.1316
Proximus SADP,SLB,2021-11-17,750000000.0,EUR,833250000,Belgium,Communications,2021,0.83325
Hong Kong Special Administrative Region Government,Green,2021-11-24,1250000000.0,EUR,1400750000,China_HK,Sovereign,2021,1.40075
Hong Kong Special Administrative Region Government,Green,2021-11-24,1000000000.0,USD,1000000000,China_HK,Sovereign,2021,1.0
Hong Kong Special Administrative Region Government,Green,2021-11-24,500000000.0,EUR,560300000,China_HK,Sovereign,2021,0.5603
Thailand Government Bond,Sustainability,2021-11-26,10000000000.0,THB,297084670,Thailand,Sovereign,2021,0.29708467
Rede D'Or Sao Luiz SA,SLB,2021-11-29,750000000.0,BRL,133732500,Brazil,Health Care,2021,0.1337325
Rede D'Or Sao Luiz SA,SLB,2021-11-29,750000000.0,BRL,133732500,Brazil,Health Care,2021,0.1337325
Hong Kong Special Administrative Region Government,Green,2021-11-30,2500000000.0,CNY,392395884,China_HK,Sovereign,2021,0.392395884
Hong Kong Special Administrative Region Government,Green,2021-11-30,2500000000.0,CNY,392395884,China_HK,Sovereign,2021,0.392395884
Government of Hungary,Green,2021-12-01,12120830000.0,HUF,37816990,Hungary,Sovereign,2021,0.03781699
JBS USA Holding Lux Sarl/ JBS USA Food Co/ JBS Lux Co Sarl,SLB,2021-12-01,1000000000.0,USD,1000000000,United States,Agri & Food,2021,1.0
NGE SAS,SLB,2021-12-08,115000000.0,EUR,127765000,France,Industrials,2021,0.127765
NGE SAS,SLB,2021-12-08,35000000.0,EUR,38885000,France,Industrials,2021,0.038885
Republic of Chile,Social,2021-12-09,,CLP,1355962529,Chile,Sovereign,2021,1.355962529
Federal Republic of Germany,Green,2021-12-10,3000000000.0,EUR,3381900000,Germany,Sovereign,2021,3.3819
Latvia Government International Bond,Sustainability,2021-12-13,600000000.0,EUR,676680000,Latvia,Sovereign,2021,0.67668
Government of Hungary,Green,2021-12-16,1000000000.0,CNY,157045287,Hungary,Sovereign,2021,0.157045287
Compania de Empaques S.A.,SLB,2021-12-17,50000000000.0,COP,12282929,Colombia,Materials,2021,0.012282929
Federal Republic of Germany,Green,2022-01-06,4000000000.0,EUR,4526000000,Germany,Sovereign,2022,4.526
TSMC,Green,2022-01-12,3100000000.0,TWD,111928290,Taiwan,Industry,2022,0.11192829
TSMC,Green,2022-01-12,2100000000.0,TWD,75822390,Taiwan,Industry,2022,0.07582239
Thailand Government Bond,Sustainability,2022-01-14,20000000000.0,THB,601950937,Thailand,Sovereign,2022,0.601950937
Agricultural Bank of China Ltd,Green,2022-01-19,300000000.0,USD,300000000,China,Commercial Bank,2022,0.3
Agricultural Bank of China Ltd,Green,2022-01-19,300000000.0,USD,300000000,China,Commercial Bank,2022,0.3
Kingdom of Denmark,Green,2022-01-21,5005000000.0,DKK,762478367,Denmark,Sovereign,2022,0.762478367
Hanwha Solutions,Green,2022-01-24,275000000000.0,KRW,229900000,South Korea,0,2022,0.2299
Government of Hungary,Green,2022-01-26,20799980000.0,HUF,65215718,Hungary,Sovereign,2022,0.065215718
Republic of Chile,Sustainability,2022-01-31,1500000000.0,USD,1500000000,Chile,Sovereign,2022,1.5
Republic of Chile,Sustainability,2022-01-31,1000000000.0,USD,1000000000,Chile,Sovereign,2022,1.0
Republic of Chile,Sustainability,2022-01-31,1500000000.0,USD,1500000000,Chile,Sovereign,2022,1.5
Hanwha Corp,Green,2022-02-03,50000000000.0,KRW,41540908,South Korea,0,2022,0.041540908
Hanwha Corp,Green,2022-02-03,100000000000.0,KRW,83081816,South Korea,0,2022,0.083081816
Republic of France,Green,2022-02-07,2784000000.0,EUR,3186844800,France,Sovereign,2022,3.1868448
Slovenia Government Bond,Sustainability,2022-02-07,50000000.0,EUR,57235000,Slovenia,Sovereign,2022,0.057235
Hanwha Group Corp,Green,2022-02-15,90000000000.0,KRW,75215470,South Korea,Energy,2022,0.07521547
Bank of China Ltd,Green,2022-02-16,300000000.0,USD,300000000,China,Commercial Bank,2022,0.3
Bank of China Ltd,Green,2022-02-16,300000000.0,USD,300000000,China,Commercial Bank,2022,0.3
Bank of China Ltd,Green,2022-02-17,2000000000.0,HKD,256392910,China_HK,Commercial Bank,2022,0.25639291
Government of Hungary,Green,2022-02-17,27695690000.0,HUF,88435182,Hungary,Sovereign,2022,0.088435182
Federal Republic of Germany,Green,2022-02-22,1500000000.0,EUR,1701300000,Germany,Sovereign,2022,1.7013
Fortress Real Estate Investments Ltd,SLB,2022-02-22,500000000.0,ZAR,28214474,South Africa,Real Estate,2022,0.028214474
Andorra International Bond,Sustainability,2022-02-23,500000000.0,EUR,567200000,Andorra,Sovereign,2022,0.5672
Bank of China Ltd,Green,2022-02-23,30000000000.0,CNY,4748496561,China,Commercial Bank,2022,4.748496561
Government of Hungary,Green,2022-02-25,4700000000.0,JPY,40899673,Hungary,Sovereign,2022,0.040899673
Government of Hungary,Green,2022-02-25,46800000000.0,JPY,407256314,Hungary,Sovereign,2022,0.407256314
Government of Hungary,Green,2022-02-25,7800000000.0,JPY,67876052,Hungary,Sovereign,2022,0.067876052
Agricultural Bank of China Ltd,Green,2022-03-01,600000000.0,USD,600000000,China,Commercial Bank,2022,0.6
Agricultural Bank of China Ltd,Green,2022-03-01,600000000.0,USD,600000000,China,Commercial Bank,2022,0.6
Kingdom of Spain,Green,2022-03-03,1216110000.0,EUR,1345703546,Spain,Sovereign,2022,1.345703546
Bank of China Ltd/Sydney,Sustainability,2022-03-07,400000000.0,USD,400000000,China,,2022,0.4
Kingdom of Denmark,Green,2022-03-16,1300000000.0,DKK,192068484,Denmark,Sovereign,2022,0.192068484
Government of Hungary,Green,2022-03-17,24688000000.0,HUF,73330759,Hungary,Sovereign,2022,0.073330759
Thailand Government Bond,Sustainability,2022-03-18,20000000000.0,THB,600970000,Thailand,Sovereign,2022,0.60097
Government of Canada,Green,2022-03-29,5000000000.0,CAD,3996034607,Canada,Sovereign,2022,3.996034607
Philippine Government International Bond,Sustainability,2022-03-29,1000000000.0,USD,1000000000,Philippines,Sovereign,2022,1.0
Government of Hungary,Green,2022-04-14,10000000000.0,HUF,28887060,Hungary,Sovereign,2022,0.02888706
United Kingdom,Green,2022-04-19,90000000.0,GBP,117204508,UK,Sovereign,2022,0.117204508
United Kingdom,Green,2022-04-19,54000000.0,GBP,70322705,UK,Sovereign,2022,0.070322705
Philippine Government International Bond,Sustainability,2022-04-22,6000000000.0,JPY,47691300,Philippines,Sovereign,2022,0.0476913
Philippine Government International Bond,Sustainability,2022-04-22,7100000000.0,JPY,56434705,Philippines,Sovereign,2022,0.056434705
Philippine Government International Bond,Sustainability,2022-04-22,5000000000.0,JPY,39737250,Philippines,Sovereign,2022,0.03973725
Philippine Government International Bond,Sustainability,2022-04-22,52000000000.0,JPY,413267400,Philippines,Sovereign,2022,0.4132674
Federal Republic of Germany,Green,2022-04-26,1500000000.0,EUR,1601100000,Germany,Sovereign,2022,1.6011
Bank of China Ltd,Green,2022-04-28,500000000.0,EUR,524250000,China,Commercial Bank,2022,0.52425
Bank of China Ltd,Green,2022-04-28,500000000.0,USD,500000000,China,Commercial Bank,2022,0.5
Bank of China Ltd,Green,2022-04-28,1000000000.0,USD,1000000000,China,Commercial Bank,2022,1.0
Mexico Government (United Mexican States),Sustainability,2022-05-04,5480000000.0,MXN,271005837,Mexico,Sovereign,2022,0.271005837
Mexico Government (United Mexican States),Sustainability,2022-05-04,,MXN,712599492,Mexico,Sovereign,2022,0.712599492
United Kingdom,Green,2022-05-10,2250000000.0,GBP,2774285881,UK,Sovereign,2022,2.774285881
GoodLeap LLC,Green,2022-05-11,44300000.0,USD,44300000,USA,0,2022,0.0443
GoodLeap LLC,Green,2022-05-11,28980000.0,USD,28980000,USA,0,2022,0.02898
GoodLeap LLC,Green,2022-05-11,30382000.0,USD,30382000,USA,0,2022,0.030382
GoodLeap LLC,Green,2022-05-11,299611000.0,USD,299611000,USA,0,2022,0.299611
Government of Hungary,Green,2022-05-12,22071920000.0,HUF,60105846,Hungary,Sovereign,2022,0.060105846
Thailand Government Bond,Sustainability,2022-05-13,10000000000.0,THB,452298828,Thailand,Sovereign,2022,0.452298828
Thailand Government Bond,Sustainability,2022-05-13,15000000000.0,THB,433249500,Thailand,Sovereign,2022,0.4332495
Hong Kong Special Administrative Region Government,Green,2022-05-18,20000000000.0,HKD,2548219540,China_HK,Sovereign,2022,2.54821954
Kingdom of Denmark,Green,2022-05-18,2660000000.0,DKK,376129483,Denmark,Sovereign,2022,0.376129483
Kingdom of Spain,Green,2022-05-19,1020090000.0,EUR,1073644725,Spain,Sovereign,2022,1.073644725
TSMC,Green,2022-05-20,6100000000.0,TWD,205082000,Taiwan,Industry,2022,0.205082
Calpine Corporation,Green,2022-05-31,1770850000.0,USD,1770850000,USA,0,2022,1.77085
Republic of Austria,Green,2022-05-31,4000000000.0,EUR,4285200000,Austria,Sovereign,2022,4.2852
Republic of France,Green,2022-06-01,4000000000.0,EUR,4285200000,France,Sovereign,2022,4.2852
Republic of Indonesia,Green,2022-06-06,1500000000.0,USD,1500000000,Indonesia,Sovereign,2022,1.5
Government of Hungary,Green,2022-06-09,16499980000.0,HUF,44711637,Hungary,Sovereign,2022,0.044711637
Kingdom of the Netherlands,Green,2022-06-14,5000000000.0,EUR,5226000000,Netherlands,Sovereign,2022,5.226
Bank of China Ltd,Green,2022-06-16,500000000.0,USD,500000000,China,Commercial Bank,2022,0.5
Volkswagen AG,Green,2022-06-28,750000000.0,EUR,792075000,Germany,0,2022,0.792075
Volkswagen AG,Green,2022-06-28,750000000.0,EUR,792075000,Germany,0,2022,0.792075
Government of Hungary,Green,2022-06-29,15293110000.0,HUF,40542035,Hungary,Sovereign,2022,0.040542035
Republic of Colombia,Green,2022-06-29,644895000000.0,COP,156709485,Colombia,Sovereign,2022,0.156709485
Hanwha Group,Green,2022-07-05,300000000.0,USD,300000000,USA,Energy,2022,0.3
Kingdom of Denmark,Green,2022-07-06,2360000000.0,DKK,322805801,Denmark,Sovereign,2022,0.322805801
Government of Hungary,Green,2022-07-07,12158660000.0,HUF,30688458,Hungary,Sovereign,2022,0.030688458
Republic of France,Green,2022-07-11,2312000000.0,EUR,2334657600,France,Sovereign,2022,2.3346576
Barloworld Ltd,SLB,2022-07-12,785000000.0,ZAR,44296725,South Africa,Industrials,2022,0.044296725
Barloworld Ltd,SLB,2022-07-12,315000000.0,ZAR,17775119,South Africa,Industrials,2022,0.017775119
Slovenia Government Bond,Sustainability,2022-07-12,89946000.0,EUR,90323773,Slovenia,Sovereign,2022,0.090323773
United Kingdom,Green,2022-07-19,117000000.0,GBP,140518505,UK,Sovereign,2022,0.140518505
United Kingdom,Green,2022-07-19,57000000.0,GBP,68457733,UK,Sovereign,2022,0.068457733
Federal Republic of Germany,Green,2022-07-20,1500000000.0,EUR,1529850000,Germany,Sovereign,2022,1.52985
Mexico Government (United Mexican States),Sustainability,2022-07-22,4770000000.0,MXN,231571098,Mexico,Sovereign,2022,0.231571098
Mexico Government (United Mexican States),Sustainability,2022-07-22,10230000000.0,MXN,497357761,Mexico,Sovereign,2022,0.497357761
Jiangsu Shagang Group Co. Ltd,Green,2022-07-27,700000000.0,CNY,103691598,China,0,2022,0.103691598
Lenovo,Green,2022-07-27,625000000.0,USD,625000000,China_HK,0,2022,0.625
TSMC,Green,2022-07-27,1200000000.0,TWD,40168800,Taiwan,Industry,2022,0.0401688
TSMC,Green,2022-07-28,10100000000.0,TWD,337612700,Taiwan,Industry,2022,0.3376127
TSMC,Green,2022-07-29,1200000000.0,TWD,39984000,Taiwan,Industry,2022,0.039984
TSMC,Green,2022-07-30,1400000000.0,TWD,46648000,Taiwan,Industry,2022,0.046648
General Motors Co,Green,2022-08-02,1250000000.0,USD,1250000000,USA,Transport,2022,1.25
General Motors Co,Green,2022-08-02,1000000000.0,USD,1000000000,USA,Transport,2022,1.0
Government of Hungary,Green,2022-08-04,16748550000.0,HUF,43062020,Hungary,Sovereign,2022,0.04306202
Kingdom of Belgium,Green,2022-08-04,201000000.0,EUR,204638100,Belgium,Sovereign,2022,0.2046381
GoodLeap LLC,Green,2022-08-10,41700000.0,USD,41700000,USA,0,2022,0.0417
GoodLeap LLC,Green,2022-08-10,27646000.0,USD,27646000,USA,0,2022,0.027646
GoodLeap LLC,Green,2022-08-10,25918000.0,USD,25918000,USA,0,2022,0.025918
GoodLeap LLC,Green,2022-08-10,301881000.0,USD,301881000,USA,0,2022,0.301881
Singapore Government,Green,2022-08-15,2400000000.0,SGD,1753317787,Singapore,Sovereign,2022,1.753317787
Ford Motor Co,Green,2022-08-19,1750000000.0,USD,1750000000,USA,Transport,2022,1.75
JBS USA Holding Lux Sarl/ JBS USA Food Co/ JBS Lux Co Sarl,SLB,2022-08-19,968548000.0,USD,968548000,United States,Agri & Food,2022,0.968548
Mexico Government (United Mexican States),Sustainability,2022-08-19,2203580000.0,USD,2203580000,Mexico,Sovereign,2022,2.20358
Government of Hungary,Green,2022-09-01,29160000000.0,HUF,73005816,Hungary,Sovereign,2022,0.073005816
Federal Republic of Germany,Green,2022-09-07,5000000000.0,EUR,4942500000,Germany,Sovereign,2022,4.9425
Kingdom of Denmark,Green,2022-09-07,1965000000.0,DKK,261198480,Denmark,Sovereign,2022,0.26119848
Mexico Government (United Mexican States),Sustainability,2022-09-08,4000000000.0,JPY,28836840,Mexico,Sovereign,2022,0.02883684
Mexico Government (United Mexican States),Sustainability,2022-09-08,14900000000.0,JPY,107417229,Mexico,Sovereign,2022,0.107417229
Mexico Government (United Mexican States),Sustainability,2022-09-08,29700000000.0,JPY,214113537,Mexico,Sovereign,2022,0.214113537
Mexico Government (United Mexican States),Sustainability,2022-09-08,3200000000.0,JPY,23069472,Mexico,Sovereign,2022,0.023069472
Mexico Government (United Mexican States),Sustainability,2022-09-08,23800000000.0,JPY,169944852,Mexico,Sovereign,2022,0.169944852
Republic of Italy,Green,2022-09-13,6000000000.0,EUR,6105000000,Italy,Sovereign,2022,6.105
Republic of France,Green,2022-09-19,549000000.0,EUR,548451000,France,Sovereign,2022,0.548451
Thailand Government Bond,Sustainability,2022-09-19,35000000000.0,THB,945434388,Thailand,Sovereign,2022,0.945434388
BB Blue Financing Designated Activity Company (Barbados Blue Bond),Sustainability,2022-09-20,24419800.0,USD,24419800,Barbados,Sovereign,2022,0.0244198
BB Blue Financing Designated Activity Company (Barbados Blue Bond),Sustainability,2022-09-20,48839600.0,USD,48839600,Barbados,Sovereign,2022,0.0488396
Government of Hungary,Green,2022-09-21,19906910000.0,HUF,48055281,Hungary,Sovereign,2022,0.048055281
Kingdom of Belgium,Green,2022-09-21,4500000000.0,EUR,4457700000,Belgium,Sovereign,2022,4.4577
Citigroup Inc,Green,2022-09-22,1000000000.0,EUR,984010000,USA,Commercial Bank,2022,0.98401
Republic of Indonesia,Green,2022-09-22,4400000000000.0,IDR,292813101,Indonesia,Sovereign,2022,0.292813101
Government of Hungary,Green,2022-09-29,10000000000.0,HUF,23003816,Hungary,Sovereign,2022,0.023003816
United Kingdom,Green,2022-09-29,4500000000.0,GBP,4880929765,UK,Sovereign,2022,4.880929765
Malaysia Government Investment Issue,Sustainability,2022-09-30,4500000000.0,MYR,970465255,Malaysia,Sovereign,2022,0.970465255
Philippine Government International Bond,Sustainability,2022-10-13,750000000.0,USD,750000000,Philippines,Sovereign,2022,0.75
United Kingdom,Green,2022-10-18,243000000.0,GBP,274929252,UK,Sovereign,2022,0.274929252
United Kingdom,Green,2022-10-18,285000000.0,GBP,323281485,UK,Sovereign,2022,0.323281485
Kingdom of Denmark,Green,2022-10-19,2950000000.0,DKK,387755075,Denmark,Sovereign,2022,0.387755075
Energisa S/A,SLB,2022-10-20,200000000.0,BRL,35662000,Brazil,Utilities,2022,0.035662
Energisa S/A,SLB,2022-10-20,550000000.0,BRL,98070500,Brazil,Utilities,2022,0.0980705
Mota-Engil SGPS SA,SLB,2022-10-20,70000000.0,EUR,77770000,Portugal,Industrials,2022,0.07777
Republic of Austria,Green,2022-10-20,1000000000.0,EUR,973900000,Austria,Sovereign,2022,0.9739
Republic of Indonesia,Green,2022-10-20,1260000000000.0,IDR,80966196,Indonesia,Sovereign,2022,0.080966196
TSMC,Green,2022-10-20,3500000000.0,TWD,109105850,Taiwan,Industry,2022,0.10910585
TSMC,Green,2022-10-20,1000000000.0,TWD,31173100,Taiwan,Industry,2022,0.0311731
TSMC,Green,2022-10-20,5700000000.0,TWD,177686670,Taiwan,Industry,2022,0.17768667
Agricultural Bank of China Ltd,Green,2022-10-24,5000000000.0,CNY,688457453,China,Commercial Bank,2022,0.688457453
Agricultural Bank of China Ltd,Green,2022-10-24,5000000000.0,CNY,688457453,China,Commercial Bank,2022,0.688457453
Agricultural Bank of China Ltd,Green,2022-10-24,15000000000.0,CNY,2065372358,China,Commercial Bank,2022,2.065372358
Agricultural Bank of China Ltd,Green,2022-10-24,15000000000.0,CNY,2065372358,China,Commercial Bank,2022,2.065372358
Republic of Chile,Sustainability,2022-10-24,1000000000000.0,CLP,1027530000,Chile,Sovereign,2022,1.02753
Confederation of Switzerland,Green,2022-10-26,1066050000.0,CHF,1063340438,Switzerland,Sovereign,2022,1.063340438
Government of Hungary,Green,2022-10-27,14499980000.0,HUF,35311488,Hungary,Sovereign,2022,0.035311488
Agrarius Sustainability Engineered RF Ltd,SLB,2022-10-28,600000000.0,ZAR,33857369,South Africa,Materials,2022,0.033857369
Slovenia Government Bond,Sustainability,2022-10-28,100000000.0,EUR,99510000,Slovenia,Sovereign,2022,0.09951
Kingdom of Spain,Green,2022-11-03,970910000.0,EUR,946606181,Spain,Sovereign,2022,0.946606181
Federal Republic of Germany,Green,2022-11-04,1000000000.0,EUR,998352000,Germany,Sovereign,2022,0.998352
United Kingdom,Green,2022-11-09,2750000000.0,GBP,3124756250,UK,Sovereign,2022,3.12475625
Bank of America,Sustainability,2022-11-10,2000000000.0,USD,2000000000,USA,Diversified Banks,2022,2.0
GoodLeap LLC,Green,2022-11-10,40900000.0,USD,40900000,USA,0,2022,0.0409
GoodLeap LLC,Green,2022-11-10,16780000.0,USD,16780000,USA,0,2022,0.01678
GoodLeap LLC,Green,2022-11-10,14828000.0,USD,14828000,USA,0,2022,0.014828
GoodLeap LLC,Green,2022-11-10,239778000.0,USD,239778000,USA,0,2022,0.239778
Republic of Italy,Green,2022-11-11,2000000000.0,EUR,2074366000,Italy,Sovereign,2022,2.074366
Government of Hungary,Green,2022-11-14,2000000000.0,CNY,282724000,Hungary,Sovereign,2022,0.282724
Volkswagen AG,Green,2022-11-15,750000000.0,EUR,773100000,Germany,0,2022,0.7731
Volkswagen AG,Green,2022-11-15,750000000.0,EUR,773100000,Germany,0,2022,0.7731
Volkswagen AG,Green,2022-11-15,1000000000.0,EUR,1030800000,Germany,0,2022,1.0308
Republic of Indonesia,Green,2022-11-17,70000000000.0,IDR,4448964,Indonesia,Sovereign,2022,0.004448964
Government of Hungary,Green,2022-11-21,1000000000.0,EUR,1024333000,Hungary,Sovereign,2022,1.024333
New Zealand Government,Green,2022-11-22,3150000000.0,NZD,1939023450,New Zealand,Sovereign,2022,1.93902345
Bank of China Ltd,Green,2022-11-23,400000000.0,USD,400000000,China,Commercial Bank,2022,0.4
Carrefour SA,SLB,2022-11-28,350000000.0,EUR,388850000,France,Agri & Food,2022,0.38885
Achmea BV,Green,2022-11-29,500000000.0,EUR,516099500,Netherlands,Financial Institution,2022,0.5160995
Mexico Government (United Mexican States),Sustainability,2022-12-02,250000000.0,MXN,13050478,Mexico,Sovereign,2022,0.013050478
Mexico Government (United Mexican States),Sustainability,2022-12-02,,MXN,370111556,Mexico,Sovereign,2022,0.370111556
Mexico Government (United Mexican States),Sustainability,2022-12-02,2660000000.0,MXN,138360432,Mexico,Sovereign,2022,0.138360432
Thailand Government Bond,Sustainability,2022-12-06,30000000000.0,THB,856654085,Thailand,Sovereign,2022,0.856654085
Republic of Indonesia,Green,2022-12-07,10000000000000.0,IDR,640697080,Indonesia,Sovereign,2022,0.64069708
Bank of China Ltd,Green,2022-12-19,30000000000.0,CNY,4298250000,China,Commercial Bank,2022,4.29825
Hong Kong Special Administrative Region Government,Green,2023-01-11,500000000.0,USD,500000000,China_HK,Sovereign,2023,0.5
Hong Kong Special Administrative Region Government,Green,2023-01-11,1000000000.0,USD,1000000000,China_HK,Sovereign,2023,1.0
Hong Kong Special Administrative Region Government,Green,2023-01-11,500000000.0,USD,500000000,China_HK,Sovereign,2023,0.5
Hong Kong Special Administrative Region Government,Green,2023-01-11,1000000000.0,USD,1000000000,China_HK,Sovereign,2023,1.0
Hong Kong Special Administrative Region Government,Green,2023-01-11,500000000.0,EUR,538207000,China_HK,Sovereign,2023,0.538207
Hong Kong Special Administrative Region Government,Green,2023-01-11,750000000.0,EUR,807310500,China_HK,Sovereign,2023,0.8073105
Hong Kong Special Administrative Region Government,Green,2023-01-11,5000000000.0,CNY,738500000,China_HK,Sovereign,2023,0.7385
Hong Kong Special Administrative Region Government,Green,2023-01-11,5000000000.0,CNY,738500000,China_HK,Sovereign,2023,0.7385
Slovenia Government Bond,Sustainability,2023-01-11,1250000000.0,EUR,1341687500,Slovenia,Sovereign,2023,1.3416875
Republic of Ireland,Green,2023-01-12,3500000000.0,EUR,3800919500,Ireland,Sovereign,2023,3.8009195
Philippine Government International Bond,Sustainability,2023-01-17,1250000000.0,USD,1250000000,Philippines,Sovereign,2023,1.25
State of Israel,Green,2023-01-17,2000000000.0,USD,2000000000,Israel,Sovereign,2023,2.0
Federal Republic of Germany,Green,2023-01-24,1500000000.0,EUR,1633168500,Germany,Sovereign,2023,1.6331685
Republic of Indonesia,Green,2023-01-24,3950000000000.0,IDR,264115996,Indonesia,Sovereign,2023,0.264115996
Republic of India,Green,2023-01-27,40000000000.0,INR,490720000,India,Sovereign,2023,0.49072
Republic of India,Green,2023-01-27,40000000000.0,INR,490720000,India,Sovereign,2023,0.49072
Thailand Government Bond,Sustainability,2023-01-27,20000000000.0,THB,608649375,Thailand,Sovereign,2023,0.608649375
United Kingdom,Green,2023-02-01,3000000000.0,GBP,3715977000,UK,Sovereign,2023,3.715977
ZF Friedrichshafen,Green,2023-02-03,650000000.0,EUR,707567900,Germany,0,2023,0.7075679
Republic of France,Green,2023-02-06,2772000000.0,EUR,2974175820,France,Sovereign,2023,2.97417582
Comcast Corp,Green,2023-02-09,1000000000.0,USD,1000000000,USA,Communications,2023,1.0
Republic of India,Green,2023-02-10,40000000000.0,INR,484360000,India,Sovereign,2023,0.48436
Republic of India,Green,2023-02-10,40000000000.0,INR,484360000,India,Sovereign,2023,0.48436
Enel SpA,Green,2023-02-14,560000000.0,EUR,601161680,Italy,Energy,2023,0.60116168
New Zealand Government,Green,2023-02-14,150000000.0,NZD,95014050,New Zealand,Sovereign,2023,0.09501405
Hong Kong Special Administrative Region Government,Green,2023-02-16,800000000.0,HKD,101921600,China_HK,Sovereign,2023,0.1019216
Republic of France,Green,2023-02-20,492000000.0,EUR,525612948,France,Sovereign,2023,0.525612948
Finance Department Government of Sharjah,Sustainability,2023-02-23,1000000000.0,USD,1000000000,UAE,Sovereign,2023,1.0
GoodLeap LLC,Green,2023-02-23,12994000.0,USD,12994000,USA,0,2023,0.012994
GoodLeap LLC,Green,2023-02-23,17759000.0,USD,17759000,USA,0,2023,0.017759
GoodLeap LLC,Green,2023-02-23,240830000.0,USD,240830000,USA,0,2023,0.24083
Republic of Austria,Green,2023-02-23,1009927000.0,EUR,1070348913,Austria,Sovereign,2023,1.070348913
Republic of Indonesia,Green,2023-02-23,1250000000000.0,IDR,82142270,Indonesia,Sovereign,2023,0.08214227
United Kingdom,Green,2023-02-23,2000000000.0,GBP,2403384000,UK,Sovereign,2023,2.403384
Republic of Austria,Green,2023-02-27,100000000.0,EUR,106095100,Austria,Sovereign,2023,0.1060951
Malaysia Government Investment Issue,Sustainability,2023-02-28,5500000000.0,MYR,1225620632,Malaysia,Sovereign,2023,1.225620632
New Zealand Government,Green,2023-02-28,150000000.0,NZD,92765250,New Zealand,Sovereign,2023,0.09276525
Republic of Austria,Green,2023-03-01,160000000.0,EUR,170704960,Austria,Sovereign,2023,0.17070496
Jiangyin New Guolian Group Co.  Ltd,SLB,2023-03-07,600000000.0,CNY,83210828,China,Financials,2023,0.083210828
Stellantis NV,Green,2023-03-14,1250000000.0,EUR,1331586250,Netherlands,Industry,2023,1.33158625
Republic of Austria,Green,2023-03-16,50000000.0,EUR,53047500,Austria,Sovereign,2023,0.0530475
Republic of Italy,Green,2023-03-16,2400000000.0,EUR,2547309600,Italy,Sovereign,2023,2.5473096
Federal Republic of Germany,Green,2023-03-21,1500000000.0,EUR,1616536500,Germany,Sovereign,2023,1.6165365
Confederation of Switzerland,Green,2023-03-22,346100000.0,CHF,367078505,Switzerland,Sovereign,2023,0.367078505
Government of Hungary,Green,2023-03-22,11501150000.0,HUF,32283728,Hungary,Sovereign,2023,0.032283728
Kingdom of Belgium,Green,2023-03-22,863000000.0,EUR,929746146,Belgium,Sovereign,2023,0.929746146
Bank of China Ltd/Hong Kong,Sustainability,2023-03-27,1000000000.0,CNY,145580000,China,Banks,2023,0.14558
Republic of Indonesia,Green,2023-03-27,500000000000.0,IDR,33087384,Indonesia,Sovereign,2023,0.033087384
Volkswagen AG,Green,2023-03-27,1000000000.0,EUR,1076612000,Germany,0,2023,1.076612
TSMC,Green,2023-03-28,4800000000.0,TWD,158208000,Taiwan,Industry,2023,0.158208
TSMC,Green,2023-03-28,2300000000.0,TWD,75808000,Taiwan,Industry,2023,0.075808
TSMC,Green,2023-03-28,12200000000.0,TWD,402124200,Taiwan,Industry,2023,0.4021242
Volkswagen AG,Green,2023-03-29,750000000.0,EUR,807546000,Germany,0,2023,0.807546
Republic of Austria,Green,2023-03-30,45000000.0,EUR,49069845,Austria,Sovereign,2023,0.049069845
Cenviro Sdn Bhd,SLB,2023-03-31,21563000.0,MYR,4973590,Malaysia,Industrials,2023,0.00497359
Thailand Government Bond,Sustainability,2023-03-31,20000000000.0,THB,586079599,Thailand,Sovereign,2023,0.586079599
Cyprus Government International Bond,Sustainability,2023-04-13,1000000000.0,EUR,1090500000,Cyprus,Sovereign,2023,1.0905
New Zealand Government,Green,2023-04-13,150000000.0,NZD,94562100,New Zealand,Sovereign,2023,0.0945621
Republic of Italy,Green,2023-04-13,10000000000.0,EUR,10901200000,Italy,Sovereign,2023,10.9012
Republic of Türkiye,Green,2023-04-13,2500000000.0,USD,2500000000,Turkey,Sovereign,2023,2.5
ZF Friedrichshafen AG,Green,2023-04-14,600000000.0,USD,600000000,Germany,Industry (Transport),2023,0.6
ZF Friedrichshafen AG,Green,2023-04-14,600000000.0,USD,600000000,Germany,Industry (Transport),2023,0.6
Republic of Chile,Social,2023-04-17,300000000000.0,CLP,376038000,Chile,Sovereign,2023,0.376038
Kingdom of Spain,Green,2023-04-18,1441230000.0,EUR,1581840722,Spain,Sovereign,2023,1.581840722
Mars Inc,Sustainability,2023-04-20,500000000.0,USD,500000000,USA,Food & Beverage,2023,0.5
Republic of France,Green,2023-04-24,702000000.0,EUR,768859884,France,Sovereign,2023,0.768859884
Republic of Austria,Green,2023-04-25,3000000000.0,EUR,3292254000,Austria,Sovereign,2023,3.292254
New Zealand Government,Green,2023-04-26,150000000.0,NZD,91798200,New Zealand,Sovereign,2023,0.0917982
Republic of Austria,Green,2023-04-27,110000000.0,EUR,121345510,Austria,Sovereign,2023,0.12134551
Mexico Government (United Mexican States),Sustainability,2023-04-28,3570000000.0,MXN,197064714,Mexico,Sovereign,2023,0.197064714
Mexico Government (United Mexican States),Sustainability,2023-04-28,2030000000.0,MXN,112056406,Mexico,Sovereign,2023,0.112056406
Mexico Government (United Mexican States),Sustainability,2023-04-28,2941390000.0,USD,2941390000,Mexico,Sovereign,2023,2.94139
Mexico Government (United Mexican States),Sustainability,2023-04-28,9400000000.0,MXN,518881880,Mexico,Sovereign,2023,0.51888188
Republic of Chile,Social,2023-04-28,298800000000.0,CLP,371468160,Chile,Sovereign,2023,0.37146816
Federal Republic of Germany,Green,2023-05-03,5250000000.0,EUR,5789910000,Germany,Sovereign,2023,5.78991
TSMC,Green,2023-05-03,2300000000.0,TWD,75012200,Taiwan,Industry,2023,0.0750122
TSMC,Green,2023-05-03,5300000000.0,TWD,172854200,Taiwan,Industry,2023,0.1728542
TSMC,Green,2023-05-03,13100000000.0,TWD,427243400,Taiwan,Industry,2023,0.4272434
GPS Blue Financing Designated Activity Company (Ecuador Blue Bond),Sustainability,2023-05-04,656022000.0,USD,656022000,Ecuador,Sovereign,2023,0.656022
Republic of Chile,Social,2023-05-05,300000000000.0,CLP,373515000,Chile,Sovereign,2023,0.373515
Republic of France,Green,2023-05-08,1911000000.0,EUR,2112816888,France,Sovereign,2023,2.112816888
Republic of Indonesia,Green,2023-05-11,1050000000000.0,IDR,71061181,Indonesia,Sovereign,2023,0.071061181
Bank of China Ltd,Green,2023-05-16,30000000000.0,CNY,4299480000,China,Commercial Bank,2023,4.29948
Government of Hungary,Green,2023-05-17,10197860000.0,HUF,29879730,Hungary,Sovereign,2023,0.02987973
Republic of Chile,Social,2023-05-18,1751200000000.0,CLP,2194568816,Chile,Sovereign,2023,2.194568816
Republic of Austria,Green,2023-05-25,1500000000.0,EUR,1653585000,Austria,Sovereign,2023,1.653585
United Kingdom,Green,2023-05-25,3000000000.0,GBP,3708603000,UK,Sovereign,2023,3.708603
Republic of Indonesia,Sustainability,2023-05-26,6000000000.0,JPY,41750520,Indonesia,Sovereign,2023,0.04175052
Republic of Indonesia,Sustainability,2023-05-26,14700000000.0,JPY,102288774,Indonesia,Sovereign,2023,0.102288774
Thailand Government Bond,Sustainability,2023-05-26,20000000000.0,THB,577033518,Thailand,Sovereign,2023,0.577033518
Mercedes-Benz Group AG,Green,2023-05-30,1000000000.0,EUR,1082767000,Germany,Transport,2023,1.082767
Mercedes-Benz Group AG,Green,2023-05-30,1000000000.0,EUR,1082717000,Germany,Transport,2023,1.082717
Uppsala Kommun,SLB,2023-05-31,300000000.0,SEK,29190460,Sweden,Government,2023,0.02919046
Hong Kong Special Administrative Region Government,Green,2023-06-07,750000000.0,EUR,803031750,China_HK,Sovereign,2023,0.80303175
Hong Kong Special Administrative Region Government,Green,2023-06-07,500000000.0,USD,500000000,China_HK,Sovereign,2023,0.5
Hong Kong Special Administrative Region Government,Green,2023-06-07,6000000000.0,CNY,841536000,China_HK,Sovereign,2023,0.841536
Hong Kong Special Administrative Region Government,Green,2023-06-07,6000000000.0,CNY,841536000,China_HK,Sovereign,2023,0.841536
Hong Kong Special Administrative Region Government,Green,2023-06-07,1000000000.0,USD,1000000000,China_HK,Sovereign,2023,1.0
Hong Kong Special Administrative Region Government,Green,2023-06-07,750000000.0,USD,750000000,China_HK,Sovereign,2023,0.75
Hong Kong Special Administrative Region Government,Green,2023-06-07,3000000000.0,CNY,420768000,China_HK,Sovereign,2023,0.420768
Hong Kong Special Administrative Region Government,Green,2023-06-07,750000000.0,EUR,803031750,China_HK,Sovereign,2023,0.80303175
New Zealand Government,Green,2023-06-07,150000000.0,NZD,90623250,New Zealand,Sovereign,2023,0.09062325
Powchan Financial Group Co.  Ltd.,SLB,2023-06-07,1000000000.0,CNY,138684714,China,Financials,2023,0.138684714
GoodLeap LLC,Green,2023-06-08,154200000.0,USD,154200000,USA,0,2023,0.1542
GoodLeap LLC,Green,2023-06-08,15254000.0,USD,15254000,USA,0,2023,0.015254
GoodLeap LLC,Green,2023-06-08,17644000.0,USD,17644000,USA,0,2023,0.017644
GoodLeap LLC,Green,2023-06-08,273072000.0,USD,273072000,USA,0,2023,0.273072
Republic of Indonesia,Green,2023-06-08,2400000000000.0,IDR,161708722,Indonesia,Sovereign,2023,0.161708722
Federal Republic of Germany,Green,2023-06-09,1000000000.0,EUR,1070550000,Germany,Sovereign,2023,1.07055
Bank of America Corp,Green,2023-06-12,1000000000.0,EUR,1067828000,USA,Commercial Bank,2023,1.067828
Mercedes-Benz Group AG,Green,2023-06-12,1000000000.0,CNY,139946000,China,Transport,2023,0.139946
Peru Government Bond,Sustainability,2023-06-12,9185000000.0,PEN,2502453250,Peru,Sovereign,2023,2.50245325
RCI Banque SA,SLB,2023-06-14,750000000.0,EUR,833250000,France,Automobiles,2023,0.83325
Federal Republic of Germany,Green,2023-06-20,4500000000.0,EUR,4914009000,Germany,Sovereign,2023,4.914009
New Zealand Government,Green,2023-06-20,150000000.0,NZD,92490750,New Zealand,Sovereign,2023,0.09249075
Bank of China Ltd,Green,2023-06-26,500000000.0,CNY,69083500,China,Commercial Bank,2023,0.0690835
New Zealand Government,Green,2023-07-04,150000000.0,NZD,92960100,New Zealand,Sovereign,2023,0.0929601
New Zealand Government,Green,2023-07-05,100000000.0,NZD,61762500,New Zealand,Sovereign,2023,0.0617625
United Kingdom,Green,2023-07-05,2000000000.0,GBP,2540814000,UK,Sovereign,2023,2.540814
Republic of Indonesia,Green,2023-07-06,800000000000.0,IDR,52669002,Indonesia,Sovereign,2023,0.052669002
Federal Republic of Germany,Green,2023-07-07,1000000000.0,EUR,1097449000,Germany,Sovereign,2023,1.097449
Shandong Public Holdings Co. Ltd,SLB,2023-07-07,500000000.0,CNY,69342357,China,Industrials,2023,0.069342357
Thailand Government Bond,Sustainability,2023-07-07,20000000000.0,THB,567704259,Thailand,Sovereign,2023,0.567704259
Mexico Government (United Mexican States),Sustainability,2023-07-24,23000000000.0,MXN,1362329981,Mexico,Sovereign,2023,1.362329981
Hanwha Solutions Corp,Green,2023-07-27,400000000.0,USD,400000000,USA,Energy,2023,0.4
Republic of Indonesia,Green,2023-08-03,1950000000000.0,IDR,128560127,Indonesia,Sovereign,2023,0.128560127
New Zealand Government,Green,2023-08-08,175000000.0,NZD,105984200,New Zealand,Sovereign,2023,0.1059842
BAD 21 BVBA,SLB,2023-08-10,20000000.0,EUR,22220000,Belgium,Financials,2023,0.02222
Rumo Malha Paulista SA,SLB,2023-08-15,750000000.0,BRL,152505000,Brazil,Industrials,2023,0.152505
Rumo Malha Paulista SA,SLB,2023-08-15,750000000.0,BRL,152505000,Brazil,Industrials,2023,0.152505
Republic of France,Green,2023-08-21,481000000.0,EUR,524191395,France,Sovereign,2023,0.524191395
China State Construction International Investments Limited,Green,2023-08-22,1100000000.0,CNY,150821000,China,0,2023,0.150821
New Zealand Government,Green,2023-08-22,150000000.0,NZD,89103600,New Zealand,Sovereign,2023,0.0891036
Republic of Austria,Green,2023-08-24,1556323000.0,EUR,1680621849,Austria,Sovereign,2023,1.680621849
Goodleap LLC,Green,2023-08-30,132500000.0,USD,132500000,USA,0,2023,0.1325
Goodleap LLC,Green,2023-08-30,23252000.0,USD,23252000,USA,0,2023,0.023252
Goodleap LLC,Green,2023-08-30,26249000.0,USD,26249000,USA,0,2023,0.026249
Goodleap LLC,Green,2023-08-30,265124000.0,USD,265124000,USA,0,2023,0.265124
Republic of Indonesia,Green,2023-08-31,800000000000.0,IDR,52500328,Indonesia,Sovereign,2023,0.052500328
Wallenius Wilhelmsen ASA,SLB,2023-08-31,1000000000.0,NOK,94170000,Norway,Shipping,2023,0.09417
Federal Republic of Germany,Green,2023-09-01,1500000000.0,EUR,1619338500,Germany,Sovereign,2023,1.6193385
Thailand Government Bond,Sustainability,2023-09-01,20000000000.0,THB,583852254,Thailand,Sovereign,2023,0.583852254
Singapore Government,Green,2023-09-04,2800000000.0,SGD,2065658000,Singapore,Sovereign,2023,2.065658
Government of Hungary,Green,2023-09-06,30371340000.0,HUF,83642670,Hungary,Sovereign,2023,0.08364267
Nordea Bank Abp,SLB,2023-09-06,1000000000.0,EUR,1111000000,Finland,Financials,2023,1.111
Volkswagen AG,Green,2023-09-06,750000000.0,EUR,809371500,Germany,0,2023,0.8093715
Volkswagen AG,Green,2023-09-06,1000000000.0,EUR,1079313000,Germany,0,2023,1.079313
Enaex SA,SLB,2023-09-07,2500000.0,CLF,0,Chile,Materials,2023,0.0
New Zealand Government,Green,2023-09-12,100000000.0,NZD,59093300,New Zealand,Sovereign,2023,0.0590933
ZF Friedrichshafen AG,Green,2023-09-13,650000000.0,EUR,697930350,Germany,Industry,2023,0.69793035
Bank of China Ltd,Green,2023-09-14,600000000.0,USD,600000000,China,Commercial Bank,2023,0.6
Bank of China Ltd,Green,2023-09-18,500000000.0,USD,500000000,China,Commercial Bank,2023,0.5
Hanwha Corp,Green,2023-09-19,100000000000.0,KRW,75200000,South Korea,0,2023,0.0752
Hanwha Corp,Green,2023-09-19,140000000000.0,KRW,105280000,South Korea,0,2023,0.10528
Republic of France,Green,2023-09-25,488000000.0,EUR,518917240,France,Sovereign,2023,0.51891724
Volkswagen Financial Services AG,Green,2023-09-25,700000000.0,EUR,747959100,Germany,Leasing,2023,0.7479591
Volkswagen Financial Services AG,Green,2023-09-25,500000000.0,EUR,534236500,Germany,Leasing,2023,0.5342365
Volkswagen Financial Services AG,Green,2023-09-25,800000000.0,EUR,854189600,Germany,Leasing,2023,0.8541896
United Kingdom,Green,2023-09-27,3000000000.0,GBP,3640446000,UK,Sovereign,2023,3.640446
Confederation of Switzerland,Green,2023-09-28,325250000.0,CHF,355526547,Switzerland,Sovereign,2023,0.355526547
Kingdom of Denmark,Green,2023-10-03,7750000000.0,DKK,1102135250,Denmark,Sovereign,2023,1.10213525
New Zealand Government,Green,2023-10-03,200000000.0,NZD,118258800,New Zealand,Sovereign,2023,0.1182588
United Kingdom,Green,2023-10-04,2250000000.0,GBP,2727702000,UK,Sovereign,2023,2.727702
Hong Kong Special Administrative Region Government,Green,2023-10-10,20000000000.0,HKD,2557700000,China_HK,Sovereign,2023,2.5577
Kingdom of Spain,Green,2023-10-10,1924081000.0,EUR,2040372456,Spain,Sovereign,2023,2.040372456
Republic of Uzbekistan,Green,2023-10-12,4250000000000.0,UZS,347648262,Uzbekistan,Sovereign,2023,0.347648262
Republic of Indonesia,Green,2023-10-13,1000000000000.0,IDR,63682099,Indonesia,Sovereign,2023,0.063682099
Republic of Italy,Green,2023-10-16,1500000000.0,EUR,1583104500,Italy,Sovereign,2023,1.5831045
Thailand Government Bond,Sustainability,2023-10-16,20000000000.0,THB,551264000,Thailand,Sovereign,2023,0.551264
Egypt Government International Bond,Sustainability,2023-10-17,3500000000.0,CNY,478618931,Egypt,Sovereign,2023,0.478618931
Bank of China Ltd,Green,2023-10-18,1600000000.0,CNY,219097600,China,Commercial Bank,2023,0.2190976
Bank of China Ltd,Green,2023-10-19,300000000.0,EUR,317145000,China,Commercial Bank,2023,0.317145
Kingdom of the Netherlands,Green,2023-10-19,4981953000.0,EUR,5257694135,Netherlands,Sovereign,2023,5.257694135
Bonos de la Tesoreria de la Republica,SLB,2023-10-20,24000000.0,CLP,26304,Chile,Government,2023,2.6304e-05
Kingdom of Belgium,Green,2023-10-25,515000000.0,EUR,544198955,Belgium,Sovereign,2023,0.544198955
Kingdom of Belgium,Green,2023-10-26,121000000.0,EUR,127826578,Belgium,Sovereign,2023,0.127826578
New Zealand Government,Green,2023-10-26,200000000.0,NZD,116433400,New Zealand,Sovereign,2023,0.1164334
Mexico Government (United Mexican States),Sustainability,2023-10-27,6000000000.0,MXN,328136400,Mexico,Sovereign,2023,0.3281364
Mexico Government (United Mexican States),Sustainability,2023-10-27,3750000000.0,MXN,205085250,Mexico,Sovereign,2023,0.20508525
Mexico Government (United Mexican States),Sustainability,2023-10-27,5250000000.0,MXN,287119350,Mexico,Sovereign,2023,0.28711935
Republic of Austria,Green,2023-10-27,1250000000.0,EUR,1322326250,Austria,Sovereign,2023,1.32232625
Kingdom of Belgium,Green,2023-10-30,64000000.0,EUR,67933312,Belgium,Sovereign,2023,0.067933312
Compass Gas e Energia,SLB,2023-11-01,1736385000.0,BRL,353076525,Brazil,Oil & Gas,2023,0.353076525
Federal Republic of Germany,Green,2023-11-02,1000000000.0,EUR,1052859000,Germany,Sovereign,2023,1.052859
Government of Hungary,Green,2023-11-02,11439130000.0,HUF,31800781,Hungary,Sovereign,2023,0.031800781
Republic of France,Green,2023-11-06,3037000000.0,EUR,3255615408,France,Sovereign,2023,3.255615408
New Zealand Government,Green,2023-11-07,175000000.0,NZD,102949700,New Zealand,Sovereign,2023,0.1029497
Government of Fiji,Sustainability,2023-11-08,15000000.0,USD,15000000,Fiji,Sovereign,2023,0.015
Government of Fiji,Sustainability,2023-11-08,5000000.0,USD,5000000,Fiji,Sovereign,2023,0.005
Kingdom of Denmark,Green,2023-11-10,2280000000.0,DKK,326703480,Denmark,Sovereign,2023,0.32670348
Peru Government Bond,Sustainability,2023-11-13,7472678000.0,PEN,1960561691,Peru,Sovereign,2023,1.960561691
Republic of India,Green,2023-11-13,50000000000.0,INR,599400000,India,Sovereign,2023,0.5994
Republic of Colombia,Social,2023-11-14,1250000000.0,USD,1250000000,Colombia,Sovereign,2023,1.25
Republic of Colombia,Social,2023-11-14,1250000000.0,USD,1250000000,Colombia,Sovereign,2023,1.25
Algar Telecom SA,SLB,2023-11-15,700000000.0,BRL,139279000,Brazil,Technology,2023,0.139279
Republic of Indonesia,Green,2023-11-15,1000000000.0,USD,1000000000,Indonesia,Sovereign,2023,1.0
Thailand Government Bond,Sustainability,2023-11-17,15000000000.0,THB,423586500,Thailand,Sovereign,2023,0.4235865
Brazilian Government International Bond,Sustainability,2023-11-20,2000000000.0,USD,2000000000,Brazil,Sovereign,2023,2.0
Agricultural Bank of China Ltd,Green,2023-11-22,300000000.0,USD,300000000,China,Commercial Bank,2023,0.3
Agricultural Bank of China Ltd,Green,2023-11-22,300000000.0,USD,300000000,China,Commercial Bank,2023,0.3
Republic of Argentina,Sustainability,2023-11-23,44291808266.0,ARS,124339065,Argentina,Sovereign,2023,0.124339065
Republic of Indonesia,Green,2023-11-23,850000000000.0,IDR,54366945,Indonesia,Sovereign,2023,0.054366945
Republic of Chile,Social,2023-11-27,69380000000.0,CLP,79598286,Chile,Sovereign,2023,0.079598286
Government of Hungary,Green,2023-11-29,15618530000.0,HUF,45340593,Hungary,Sovereign,2023,0.045340593
Republic of Austria,Green,2023-11-29,1825194600.0,EUR,2002813412,Austria,Sovereign,2023,2.002813412
Republic of Argentina,Sustainability,2023-11-30,111059119142.0,ARS,308718808,Argentina,Sovereign,2023,0.308718808
Bank Pembangunan Malaysia Bhd,SLB,2023-12-01,400000000.0,MYR,92261561,Malaysia,Financials,2023,0.092261561
Fibra Uno Administracion SA de CV,SLB,2023-12-01,1500000000.0,MXN,87834961,Mexico,Real Estate,2023,0.087834961
Vinte Viviendas Integrales SAB de CV,SLB,2023-12-04,1500000000.0,MXN,75089250,Mexico,Real Estate,2023,0.07508925
Republic of Indonesia,Green,2023-12-07,590000000000.0,IDR,38047334,Indonesia,Sovereign,2023,0.038047334
United Kingdom,Green,2023-12-07,3000000000.0,GBP,3776364000,UK,Sovereign,2023,3.776364
Grupo Elektra,SLB,2023-12-08,1110000000.0,MXN,64997871,Mexico,Financials,2023,0.064997871
Grupo Elektra,SLB,2023-12-08,1390000000.0,MXN,81393731,Mexico,Financials,2023,0.081393731
Volkswagen AG,Green,2023-12-08,300000000.0,SEK,28661700,Netherlands,Finance,2023,0.0286617
Volkswagen AG,Green,2023-12-08,550000000.0,SEK,52546450,Netherlands,Finance,2023,0.05254645
Volkswagen AG,Green,2023-12-08,650000000.0,SEK,62100350,Netherlands,Finance,2023,0.06210035
Grupo Boticário,SLB,2023-12-10,2000000000.0,BRL,406680000,Brazil,Consumer Discretionary,2023,0.40668
Comision Federal de Electricidad,SLB,2023-12-11,582350700.0,MXN,29152184,Mexico,Utilities,2023,0.029152184
Comision Federal de Electricidad,SLB,2023-12-11,2844051400.0,MXN,142371791,Mexico,Utilities,2023,0.142371791
Republic of India,Green,2023-12-11,50000000000.0,INR,599950000,India,Sovereign,2023,0.59995
BEL SA,SLB,2023-12-13,135000000.0,EUR,149985000,France,Financials,2023,0.149985
Republic of Colombia,Green,2023-12-14,1086944300000.0,COP,273909964,Colombia,Sovereign,2023,0.273909964
Volkswagen AG,Green,2023-12-15,1000000000.0,NOK,91198000,Netherlands,Finance,2023,0.091198
Elea Digital,SLB,2023-12-18,570000000.0,BRL,115903800,Brazil,Industrials,2023,0.1159038
China Construction Third Engineering Bureau Group Co. Ltd.,SLB,2023-12-19,1200000000.0,CNY,166421656,China,Industrials,2023,0.166421656
Guotai Leasing Limited Company,SLB,2023-12-19,50000000.0,CNY,6907300,China,Financials,2023,0.0069073
Guotai Leasing Limited Company,SLB,2023-12-19,160000000.0,CNY,22189554,China,Financials,2023,0.022189554
Guotai Leasing Limited Company,SLB,2023-12-19,400000000.0,CNY,55473885,China,Financials,2023,0.055473885
Guotai Leasing Limited Company,SLB,2023-12-19,370000000.0,CNY,51313344,China,Financials,2023,0.051313344
Kinetik Holdings LP,SLB,2023-12-19,300000000.0,USD,300000000,United States,Oil & Gas,2023,0.3
Republic of Indonesia,Green,2023-12-21,350000000000.0,IDR,22659588,Indonesia,Sovereign,2023,0.022659588
Henan Airport Investment Group Co. LTD,SLB,2023-12-25,1000000000.0,CNY,138684714,China,Financials,2023,0.138684714
GoodLeap LLC,Green,2023-12-28,13700000.0,USD,13700000,USA,0,2023,0.0137
GoodLeap LLC,Green,2023-12-28,18200000.0,USD,18200000,USA,0,2023,0.0182
GoodLeap LLC,Green,2023-12-28,228300000.0,USD,228300000,USA,0,2023,0.2283
GoodLeap LLC,Green,2023-12-28,92780000.0,USD,92780000,USA,0,2023,0.09278
New Hope Group Co. Ltd.,SLB,2023-12-29,1000000000.0,CNY,138684714,China,Food,2023,0.138684714
Republic of Austria,Green,2023-12-29,111438000.0,EUR,123189806,Austria,Sovereign,2023,0.123189806
Volkswagen Financial Services AG,Green,2024-01-11,750000000.0,EUR,818331750,Germany,Leasing,2024,0.81833175
Volkswagen Financial Services AG,Green,2024-01-11,1150000000.0,EUR,1254916800,Germany,Leasing,2024,1.2549168
Volkswagen Financial Services AG,Green,2024-01-11,850000000.0,EUR,927719750,Germany,Leasing,2024,0.92771975
Calpine Corporation,Green,2024-01-15,1000000000.0,USD,1000000000,USA,Energy,2024,1.0
STT GDC Pte Ltd,SLB,2024-01-15,450000000.0,SGD,335745000,Singapore,Government,2024,0.335745
Sichuan Province Airport Group,SLB,2024-01-15,1000000000.0,CNY,138684714,China,Airport,2024,0.138684714
Northvolt AB,Green,2024-01-16,5000000000.0,USD,5000000000,Sweden,Industry,2024,5.0
Xianyang Urban Development Group Co.  Ltd,SLB,2024-01-17,500000000.0,CNY,69342357,China,Industrials,2024,0.069342357
Hanwha Group Corp,Green,2024-01-18,55000000000.0,KRW,41085000,South Korea,Energy,2024,0.041085
Hanwha Group Corp,Green,2024-01-18,95000000000.0,KRW,70965000,South Korea,Energy,2024,0.070965
NOS SGPS SA,SLB,2024-01-18,50000000.0,EUR,53670000,Portugal,Consumer Discretionary,2024,0.05367
Republic of Chile,Social,2024-01-22,1700000000.0,USD,1700000000,Chile,Sovereign,2024,1.7
Republic of France,Green,2024-01-22,378000000.0,EUR,411160050,France,Sovereign,2024,0.41116005
Enel Finance International NV,SLB,2024-01-23,1000000000.0,EUR,1057194205,Italy,Utilities,2024,1.057194205
Enel Finance International NV,SLB,2024-01-23,750000000.0,EUR,792895654,Italy,Utilities,2024,0.792895654
Republic of France,Green,2024-01-23,8000000000.0,EUR,8709832000,France,Sovereign,2024,8.709832
Republic of India,Green,2024-01-23,50000000000.0,INR,600800000,India,Sovereign,2024,0.6008
Humlegarden Fastigheter AB,SLB,2024-01-24,500000000.0,SEK,47150000,Sweden,Oil & Gas,2024,0.04715
Mundys SpA,SLB,2024-01-24,750000000.0,EUR,792895654,Italy,Financials,2024,0.792895654
Confederation of Switzerland,Green,2024-01-25,207600000.0,CHF,239419060,Switzerland,Sovereign,2024,0.23941906
Federal Republic of Germany,Green,2024-01-25,1000000000.0,EUR,1084658000,Germany,Sovereign,2024,1.084658
Federal Republic of Germany,Green,2024-01-25,1000000000.0,EUR,1084658000,Germany,Sovereign,2024,1.084658
Government of Hungary,Green,2024-01-25,1500000000.0,EUR,1627737000,Hungary,Sovereign,2024,1.627737
JA Mitsui Leasing Ltd,SLB,2024-01-25,20000000000.0,JPY,135290000,Japan,Financials,2024,0.13529
Mexico Government (United Mexican States),Sustainability,2024-01-25,2000000000.0,EUR,2178600000,Mexico,Sovereign,2024,2.1786
Republic of Austria,Green,2024-01-25,1250000000.0,EUR,1358363750,Austria,Sovereign,2024,1.35836375
Republic of Austria,Green,2024-01-25,1250000000.0,EUR,1357995000,Austria,Sovereign,2024,1.357995
Republic of Indonesia,Green,2024-01-25,2200000000000.0,IDR,139108442,Indonesia,Sovereign,2024,0.139108442
Yuexiu Guangzhou Finance Leasing Co. Ltd.,SLB,2024-01-25,60000000.0,CNY,8288760,China,Financials,2024,0.00828876
Yuexiu Guangzhou Finance Leasing Co. Ltd.,SLB,2024-01-25,450000000.0,CNY,61998000,China,Financials,2024,0.061998
Yuexiu Guangzhou Finance Leasing Co. Ltd.,SLB,2024-01-25,540000000.0,CNY,74397600,China,Financials,2024,0.0743976
Chengdu Economic&Technology Development Zone Industrial Investment Group Co Ltd,SLB,2024-01-29,250000000.0,CNY,34671178,China,Industrials,2024,0.034671178
Volkswagen AG,Green,2024-01-29,350000000.0,SEK,33506200,Netherlands,Finance,2024,0.0335062
Ivory Coast Government International Bond,Sustainability,2024-01-30,1100000000.0,USD,1100000000,Cote d'Ivoire,Sovereign,2024,1.1
New Zealand Government,Green,2024-01-30,175000000.0,NZD,107297050,New Zealand,Sovereign,2024,0.10729705
International Bank for Reconstruction & Development,SLB,2024-01-31,100000000.0,USD,100000000,Supranational,Industrials,2024,0.1
ZF Friedrichshafen AG,Green,2024-01-31,800000000.0,EUR,866012000,Germany,Industry,2024,0.866012
Chengdu Jingkai Industrial Investment Group Co.  Ltd,SLB,2024-02-01,250000000.0,CNY,34746250,China,Industrials,2024,0.03474625
Agrarius Sustainability Engineered RF Ltd,SLB,2024-02-02,300000000.0,ZAR,16833000,South Africa,Real Estate,2024,0.016833
Republic of India,Green,2024-02-05,50000000000.0,INR,601550000,India,Sovereign,2024,0.60155
Zengun Group AB,SLB,2024-02-05,400000000.0,SEK,37720000,Sweden,Industrials,2024,0.03772
Kingdom of Belgium,Green,2024-02-06,218000000.0,EUR,234494316,Belgium,Sovereign,2024,0.234494316
Hong Kong Special Administrative Region Government,Green,2024-02-07,1500000000.0,CNY,211089000,China_HK,Sovereign,2024,0.211089
Hong Kong Special Administrative Region Government,Green,2024-02-07,200000000.0,USD,200000000,China_HK,Sovereign,2024,0.2
Hong Kong Special Administrative Region Government,Green,2024-02-07,2000000000.0,HKD,255642000,China_HK,Sovereign,2024,0.255642
Hong Kong Special Administrative Region Government,Green,2024-02-07,80000000.0,EUR,86105760,China_HK,Sovereign,2024,0.08610576
United Kingdom,Green,2024-02-07,2500000000.0,GBP,3145247500,UK,Sovereign,2024,3.1452475
Citigroup Inc,Green,2024-02-08,10000000.0,EUR,10776730,USA,Financial,2024,0.01077673
Twma Finance AS,SLB,2024-02-08,63000000.0,USD,63000000,Norway,Financials,2024,0.063
Volkswagen AG,Green,2024-02-12,300000000.0,CHF,348672900,Netherlands,Finance,2024,0.3486729
Volkswagen AG,Green,2024-02-12,300000000.0,CHF,348672900,Netherlands,Finance,2024,0.3486729
Sony Bank Inc,SLB,2024-02-13,20000000000.0,JPY,133400000,Japan,Financials,2024,0.1334
Goldstory SAS,SLB,2024-02-14,500000000.0,EUR,542550000,France,Consumer Discretionary,2024,0.54255
Goldstory SAS,SLB,2024-02-14,350000000.0,EUR,379785000,France,Consumer Discretionary,2024,0.379785
Government of Japan,Green,2024-02-15,799500000000.0,JPY,5331066000,Japan,Sovereign,2024,5.331066
TELUS Corp,SLB,2024-02-15,500000000.0,CAD,367950000,Canada,Communications,2024,0.36795
Snam SpA,SLB,2024-02-19,1000000000.0,EUR,1085100000,Italy,Oil & Gas,2024,1.0851
Government of Romania,Green,2024-02-22,2000000000.0,EUR,2165042000,Romania,Sovereign,2024,2.165042
Republic of Indonesia,Green,2024-02-22,750000000000.0,IDR,47910465,Indonesia,Sovereign,2024,0.047910465
Thailand Government Bond,Sustainability,2024-02-23,25000000000.0,THB,694255760,Thailand,Sovereign,2024,0.69425576
Inversiones CMPC SA,SLB,2024-02-26,500000000.0,USD,500000000,Chile,Paper and Pulp,2024,0.5
Red Surcos SA,SLB,2024-02-26,3606129.0,USD,3606129,Argentina,Chemicals,2024,0.003606129
Autostrade per l'Italia SpA,SLB,2024-02-28,500000000.0,EUR,542550000,Italy,Industrials,2024,0.54255
Autostrade per l'Italia SpA,SLB,2024-02-28,500000000.0,EUR,542550000,Italy,Industrials,2024,0.54255
Fuyo General Lease Co Ltd,SLB,2024-02-28,10000000000.0,JPY,67660000,Japan,Financials,2024,0.06766
Government of Japan,Green,2024-02-28,799800000000.0,JPY,5308272600,Japan,Sovereign,2024,5.3082726
Rikshem AB,SLB,2024-02-28,750000000.0,SEK,72570000,Sweden,Real Estate,2024,0.07257
Federal Republic of Germany,Green,2024-02-29,1000000000.0,EUR,1080444000,Germany,Sovereign,2024,1.080444
Juhua Group Corp,SLB,2024-02-29,1500000000.0,CNY,206660000,China,Chemicals,2024,0.20666
Kingdom of the Netherlands,Green,2024-02-29,2000000000.0,EUR,2160888000,Netherlands,Sovereign,2024,2.160888
Republic of Austria,Green,2024-02-29,1856150000.0,EUR,2005466131,Austria,Sovereign,2024,2.005466131
Citigroup Inc,Green,2024-03-01,10000000.0,EUR,10853400,USA,Financial,2024,0.0108534
Guotai Leasing Limited Company,SLB,2024-03-01,38000000.0,CNY,5281430,China,Financials,2024,0.00528143
Guotai Leasing Limited Company,SLB,2024-03-01,110000000.0,CNY,15288350,China,Financials,2024,0.01528835
Guotai Leasing Limited Company,SLB,2024-03-01,320000000.0,CNY,44475200,China,Financials,2024,0.0444752
Guotai Leasing Limited Company,SLB,2024-03-01,289000000.0,CNY,40166665,China,Financials,2024,0.040166665
Juhua Group Corporation,SLB,2024-03-01,1500000000.0,CNY,208477500,China,Materials,2024,0.2084775
Xinghua City Construction Investment Co. Ltd.,SLB,2024-03-01,175000000.0,CNY,24110333,China,Industrials,2024,0.024110333
Government of Canada,Green,2024-03-05,4000000000.0,CAD,2943092000,Canada,Sovereign,2024,2.943092
Heathrow Funding Ltd,SLB,2024-03-05,350000000.0,GBP,446215000,United Kingdom,Industrials,2024,0.446215
Kingdom of the Netherlands,Green,2024-03-05,154000000.0,EUR,167179628,Netherlands,Sovereign,2024,0.167179628
Finance Department Government of Sharjah,Sustainability,2024-03-06,750000000.0,USD,750000000,UAE,Sovereign,2024,0.75
JERA Co Inc,SLB,2024-03-06,10000000000.0,JPY,67660000,Japan,Utilities,2024,0.06766
Fidelity Investments,Green,2024-03-07,200000000.0,EUR,218996800,USA,Investment Company,2024,0.2189968
Hitachi Construction Machinery Co Ltd,Green,2024-03-07,10000000000.0,JPY,66420000,Japan,Industry,2024,0.06642
Kingdom of Denmark,Green,2024-03-08,2605000000.0,DKK,382278540,Denmark,Sovereign,2024,0.38227854
Jizhong Energy Group Co.  Ltd,SLB,2024-03-11,1000000000.0,CNY,137773333,China,Materials,2024,0.137773333
Jizhong Energy Group Co.  Ltd,SLB,2024-03-11,500000000.0,CNY,68886666,China,Materials,2024,0.068886666
Koninklijke Ahold Delhaize NV,SLB,2024-03-11,700000000.0,EUR,762720000,Netherlands ,Agri & Food,2024,0.76272
Mexico Government (United Mexican States),Sustainability,2024-03-12,3000000000.0,MXN,178295122,Mexico,Sovereign,2024,0.178295122
Mexico Government (United Mexican States),Sustainability,2024-03-12,11000000000.0,MXN,653748781,Mexico,Sovereign,2024,0.653748781
Mexico Government (United Mexican States),Sustainability,2024-03-12,6000000000.0,MXN,356590244,Mexico,Sovereign,2024,0.356590244
TUI AG,SLB,2024-03-13,500000000.0,EUR,542550000,Germany,Consumer Discretionary,2024,0.54255
Republic of Italy,Green,2024-03-15,1250000000.0,EUR,1362322500,Italy,Sovereign,2024,1.3623225
TSMC,Green,2024-03-15,10800000000.0,TWD,341571600,Taiwan,Industry,2024,0.3415716
TSMC,Green,2024-03-15,12000000000.0,TWD,379524000,Taiwan,Industry,2024,0.379524
Peru Government Bond,Sustainability,2024-03-18,150000000.0,PEN,40211700,Peru,Sovereign,2024,0.0402117
Republic of Austria,Green,2024-03-18,150000000.0,EUR,163101900,Austria,Sovereign,2024,0.1631019
CapitaMalls Property & Investment Limited,SLB,2024-03-19,1000000000.0,CNY,137773333,China,Financials,2024,0.137773333
Juhua Group Corporation,SLB,2024-03-19,600000000.0,CNY,82664000,China,Chemicals,2024,0.082664
Stellantis NV,Green,2024-03-19,500000000.0,EUR,546478000,Netherlands,Industry,2024,0.546478
Citigroup Inc,Green,2024-03-20,140000000.0,HKD,17895780,USA,Financial,2024,0.01789578
Government of Hungary,Green,2024-03-20,22710250000.0,HUF,63043654,Hungary,Sovereign,2024,0.063043654
Grupo Aeroportuario del Pacifico SAB de CV,SLB,2024-03-20,1384868300.0,MXN,84792716,Mexico,Industrials,2024,0.084792716
Grupo Aeroportuario del Pacifico SAB de CV,SLB,2024-03-20,1615137700.0,MXN,98891651,Mexico,Industrials,2024,0.098891651
Kingdom of Belgium,Green,2024-03-20,1087000000.0,EUR,1188842117,Belgium,Sovereign,2024,1.188842117
Kingdom of Belgium,Green,2024-03-21,167000000.0,EUR,181394565,Belgium,Sovereign,2024,0.181394565
Republic of Iceland,Green,2024-03-21,750000000.0,EUR,814646250,Iceland,Sovereign,2024,0.81464625
Republic of Indonesia,Green,2024-03-21,1000000000000.0,IDR,63585928,Indonesia,Sovereign,2024,0.063585928
Western Mining Group Co. Ltd,SLB,2024-03-21,1000000000.0,CNY,137773333,China,Materials,2024,0.137773333
Citigroup Inc,Green,2024-03-22,30000000.0,AUD,19547730,USA,Financial,2024,0.01954773
Kingdom of Belgium,Green,2024-03-25,87000000.0,EUR,94290513,Belgium,Sovereign,2024,0.094290513
Republic of Ireland,Green,2024-03-25,517150000.0,EUR,560486653,Ireland,Sovereign,2024,0.560486653
Rikshem AB,SLB,2024-03-26,250000000.0,SEK,24190000,Sweden,Real Estate,2024,0.02419
Fuzhou Water Group Co.  Ltd,SLB,2024-03-27,400000000.0,CNY,55258400,China,Utilities,2024,0.0552584
Fuzhou Water Group Co.  Ltd,SLB,2024-03-27,300000000.0,CNY,41443800,China,Utilities,2024,0.0414438
Qingdao Jiaozhou City Development Investment Co.  Ltd.,SLB,2024-03-27,1000000000.0,CNY,137773333,China,Real Estate,2024,0.137773333
Citigroup Inc,Green,2024-03-28,20000000.0,EUR,21585460,USA,Financial,2024,0.02158546
Federal Republic of Germany,Green,2024-03-28,1000000000.0,EUR,1082544000,Germany,Sovereign,2024,1.082544
Federal Republic of Germany,Green,2024-03-28,1000000000.0,EUR,1082544000,Germany,Sovereign,2024,1.082544
Volkswagen AG,Green,2024-03-28,500000000.0,EUR,539636500,Germany,0,2024,0.5396365
Hap Seng Management Sdn Bhd,SLB,2024-03-29,100000000.0,MYR,21057064,Malaysia,Agri & Food,2024,0.021057064
Hap Seng Management Sdn Bhd,SLB,2024-03-29,90000000.0,MYR,18951358,Malaysia,Agri & Food,2024,0.018951358
Hap Seng Management Sdn Bhd,SLB,2024-03-29,60000000.0,MYR,12634238,Malaysia,Agri & Food,2024,0.012634238
Citigroup Inc,Green,2024-04-02,20000000.0,AUD,13028200,USA,Financial,2024,0.0130282
Citigroup Inc,Green,2024-04-10,25000000.0,EUR,26853275,USA,Commercial Bank,2024,0.026853275
ZF Friedrichshafen AG,Green,2024-04-23,700000000.0,USD,700000000,Germany,Industry (Transport),2024,0.7
ZF Friedrichshafen AG,Green,2024-04-23,800000000.0,USD,800000000,Germany,Industry (Transport),2024,0.8
LG Electronics Inc,Sustainability,2024-04-24,300000000.0,USD,300000000,South Korea,Hardware,2024,0.3
Groupe BPCE,Green,2024-04-25,25000000.0,EUR,26821175,France,Commercial Bank,2024,0.026821175
CK Hutchison Holdings Ltd,Green,2024-04-26,1000000000.0,USD,1000000000,China_HK,0,2024,1.0
Citigroup Inc,Green,2024-04-26,10000000.0,USD,10000000,USA,Financial,2024,0.01
Citigroup Inc,Green,2024-05-14,750000000.0,EUR,808046250,USA,Commercial Bank,2024,0.80804625
Volkswagen AG,Green,2024-05-15,800000000.0,NOK,74400000,Germany,Finance,2024,0.0744
Groupe BPCE,Green,2024-05-17,150000000.0,EUR,163415700,France,Commercial Bank,2024,0.1634157
TSMC,Green,2024-05-17,6600000000.0,TWD,205260000,Taiwan,Industry,2024,0.20526
TSMC,Green,2024-05-17,4900000000.0,TWD,152404700,Taiwan,Industry,2024,0.1524047
Volkswagen AG,Green,2024-06-10,750000000.0,EUR,813599250,Germany,0,2024,0.81359925
Volkswagen AG,Green,2024-06-10,700000000.0,EUR,759276700,Germany,0,2024,0.7592767
Volkswagen AG,Green,2024-06-10,750000000.0,EUR,813580500,Germany,0,2024,0.8135805
GoodLeap LLC,Green,2024-06-12,12284000.0,USD,12284000,USA,0,2024,0.012284
GoodLeap LLC,Green,2024-06-12,11988000.0,USD,11988000,USA,0,2024,0.011988
GoodLeap LLC,Green,2024-06-12,197137000.0,USD,197137000,USA,0,2024,0.197137
Bank of China Ltd/Hungarian,Sustainability,2024-06-26,500000000.0,USD,500000000,China,Banks,2024,0.5
Bank of China Ltd/Macau,Sustainability,2024-06-26,1000000000.0,CNY,137658000,China,Banks,2024,0.137658
Bank of China Ltd/Panama,Sustainability,2024-06-26,300000000.0,USD,300000000,China,Banks,2024,0.3
Hanwha Corp,Green,2024-06-26,80000000000.0,KRW,57360000,South Korea,0,2024,0.05736
Hanwha Corp,Green,2024-06-26,70000000000.0,KRW,50190000,South Korea,0,2024,0.05019
Hanwha Solutions Corp,Green,2024-08-06,200000000.0,CHF,235291400,South Korea,Renewable Energy,2024,0.2352914
Groupe BPCE,Green,2024-08-08,25000000.0,EUR,27288550,France,Commercial Bank,2024,0.02728855
Volkswagen AG,Green,2024-08-14,500000000.0,EUR,546568500,Germany,0,2024,0.5465685
Bank of China Ltd,Green,2024-08-27,400000000.0,USD,400000000,China,Commercial Bank,2024,0.4
Citigroup Inc,Green,2024-09-25,20000000.0,USD,20000000,USA,Financial,2024,0.02
Groupe BPCE,Green,2024-10-15,6000000.0,USD,6000000,France,Commercial Bank,2024,0.006
Bank of China Ltd,Green,2024-10-29,300000000.0,USD,300000000,China,Commercial Bank,2024,0.3
GoodLeap LLC,Green,2024-10-29,30000000.0,USD,30000000,USA,0,2024,0.03
GoodLeap LLC,Green,2024-10-29,23600000.0,USD,23600000,USA,0,2024,0.0236
GoodLeap LLC,Green,2024-10-29,324700000.0,USD,324700000,USA,0,2024,0.3247
Groupe BPCE,Green,2024-10-29,750000000.0,EUR,820254750,France,0,2024,0.82025475
Volkswagen AG,Green,2024-11-19,650000000.0,EUR,690160250,Germany,0,2024,0.69016025
Volkswagen AG,Green,2024-11-19,1100000000.0,EUR,1168367200,Germany,0,2024,1.1683672
Volkswagen AG,Green,2024-11-19,1000000000.0,EUR,1062468000,Germany,0,2024,1.062468
Groupe BPCE,Green,2024-11-21,1200000000.0,TWD,36846000,France,Commercial Bank,2024,0.036846
Achmea BV,Green,2024-12-10,500000000.0,EUR,524293000,Netherlands,Commercial Bank,2024,0.524293
Bank of China Ltd,Green,2024-12-17,10000000000.0,CNY,1372570000,China,Commercial Bank,2024,1.37257
