pair_id,green_isin,conventional_isin,green_coupon_pct,green_maturity,conventional_coupon_pct,conventional_maturity,issuer
2041-05_2.60pct,DE000BU3F007,DE000BU2F009,2.6,2041-05-15,2.6,2041-05-15,Federal Republic of Germany
2035-02_2.50pct,DE000BU3Z047,DE000BU2Z049,2.5,2035-02-15,2.5,2035-02-15,Federal Republic of Germany
2053-08_1.80pct,DE0001030757,DE0001102614,1.8,2053-08-15,1.8,2053-08-15,Federal Republic of Germany
2033-02_2.30pct,DE000BU3Z005,DE000BU2Z007,2.3,2033-02-15,2.3,2033-02-15,Federal Republic of Germany
2050-08_0.00pct,DE0001030724,DE0001102481,0.0,2050-08-15,0.0,2050-08-15,Federal Republic of Germany
2031-08_0.00pct,DE0001030732,DE0001102564,0.0,2031-08-15,0.0,2031-08-15,Federal Republic of Germany
2030-08_0.00pct,DE0001030708,DE0001102507,0.0,2030-08-15,0.0,2030-08-15,Federal Republic of Germany
2027-10_1.30pct,DE0001030740,DE0001141869,1.3,2027-10-15,1.3,2027-10-15,Federal Republic of Germany
2029-04_2.10pct,DE000BU35025,DE000BU25026,2.1,2029-04-12,2.1,2029-04-12,Federal Republic of Germany
