Pair,Basis,Obs,Mean (bps),Median (bps),Std (bps),Min (bps),Max (bps),HAC SE,t-stat,% days negative,Greenium at 5%
2027-10_1.30pct,exact twin,1038,-2.4,-1.4,2.25,-9.07,0.0,0.858,-2.79,99.9,yes
2029-04_2.10pct,exact twin,616,-0.69,-0.69,0.27,-1.64,0.0,0.064,-10.83,99.8,yes
2030-08_0.00pct,exact twin,1544,-2.17,-1.71,1.85,-7.3,0.44,0.633,-3.43,99.5,yes
2031-08_0.00pct,exact twin,1292,-1.18,-0.89,0.88,-4.83,0.19,0.276,-4.28,99.7,yes
2033-02_2.30pct,exact twin,870,-0.66,-0.63,0.28,-1.6,0.0,0.084,-7.86,99.8,yes
2035-02_2.50pct,exact twin,377,-0.65,-0.53,0.42,-1.93,0.94,0.154,-4.21,99.5,yes
2041-05_2.60pct,exact twin,147,-1.0,-1.09,0.29,-1.4,-0.18,0.11,-9.06,100.0,yes
2050-08_0.00pct,exact twin,1372,-1.85,-1.54,1.01,-4.89,-0.13,0.336,-5.52,100.0,yes
2053-08_1.80pct,exact twin,838,-0.97,-0.92,0.26,-2.2,-0.34,0.069,-14.1,100.0,yes
POOLED,all exact twins,8094,-1.5,-0.98,1.43,-9.07,0.94,0.33,-4.53,99.8,yes
